AHCA Number (File Number),License Number,License Effective Date,License Expiration Date,Facility Type,Name,Street Address,Street City,Street State,Street Zip,Street County,Phone,License Status,Owner,Admin/CEO,Licensed Beds,Profit Status,Web Address
11966113,10368,12/28/2021,12/27/2023,Assisted Living Facility,A COUNTRY PLACE ASSISTED LIVING FACILITY,10515 MEMORIAL HIGHWAY,TAMPA,FL,33615,Hillsborough,(813) 891-0549,LICENSED,"VILLAS OF TAMPA, LLC (THE)",ROBERT ALAN LOOMIS,24,For-Profit,www.TampaALF.com
11968427,12340,6/19/2021,6/18/2023,Assisted Living Facility,A LA MY LOVE ALF,6821 DOVER CT,TAMPA,FL,33634-4708,Hillsborough,(813) 505-5564,LICENSED,A LA MY LOVE ALF INC,MARTHA MEDINA,6,For-Profit,
11966240,10498,8/6/2021,8/5/2023,Assisted Living Facility,ABIGAIL (THE),320 SOUTH DELAWARE,TAMPA,FL,33606,Hillsborough,(813) 258-2919,LICENSED,ABIGAIL ASSISTED LIVING INC.,KAREN BARCIA RODRIGUEZ,19,For-Profit,www.sweetwatermanor.com
11969673,13429,6/8/2022,6/7/2024,Assisted Living Facility,ABUELO FELIZ HOME 2 LLC,4535 W JEAN ST,TAMPA,FL,33614,Hillsborough,(813) 495-3660,LICENSED,ABUELO FELIZ HOME 2 LLC,OLGA MOLANO,5,For-Profit,
11969120,12964,5/9/2021,5/8/2023,Assisted Living Facility,ABUELO FELIZ HOME LLC,8625 MAY CIR,TAMPA,FL,33614,Hillsborough,(813) 495-3660,LICENSED,ABUELO FELIZ HOME LLC,OLGA MOLANO,6,For-Profit,
11966960,11078,10/30/2021,10/29/2023,Assisted Living Facility,ABUELO'S ANA ALF,2741 W LEROY ST,TAMPA,FL,33607-1249,Hillsborough,(813) 748-1304,LICENSED,ABUELO'S ANA ALF INC,MARYLEYDIS LOPEZ-ALVAREZ,6,For-Profit,
11969950,13693,2/28/2022,2/27/2024,Assisted Living Facility,ACTIVE ASSISTED LIVING LLC,226 CLAYTON ST,BRANDON,FL,33511,Hillsborough,(813) 530-4270,LICENSED,ACTIVE ASSISTED LIVING LLC,CLAUDIA ALUR,6,For-Profit,
11966231,12533,10/13/2022,10/12/2024,Assisted Living Facility,ACTS ASSISTED LIVING FACILITY,6806 N NEBRASKA AVE,TAMPA,FL,33604-5661,Hillsborough,(813) 237-4907,LICENSED,AGENCY FOR COMMUNITY TREATMENT SERVICES INC,LONNIE JAMES,15,Not-For-Profit,www.actsfl.org
11910002,7228,10/23/2022,10/22/2024,Assisted Living Facility,AGUILA ADULT CARE CENTER,503 N MATANZAS,TAMPA,FL,33609,Hillsborough,(813) 872-8000,LICENSED,AGUILA ENTERPRISES INC,ANUPAMA CHAPALAMADUGU,10,For-Profit,
11953588,8768,11/12/2022,11/11/2024,Assisted Living Facility,AGUILA ADULT CARE CENTER II,4011 N HABANA AVE,TAMPA,FL,33607-6730,Hillsborough,(813) 872-8000,LICENSED,AGUILA ENTERPRISES INC,ANUPAMA CHAPALAMADUGU,16,For-Profit,
11969701,13465,5/19/2022,5/18/2024,Assisted Living Facility,AGUILA ASSISTED LIVING FACILITY,4009 N HABANA AVE,TAMPA,FL,33607,Hillsborough,(813) 872-8000,LICENSED,AGUILA ENTERPRISES INC,ANUPAMA CHAPALAMADUGU,16,For-Profit,
11966869,11005,7/24/2021,7/23/2023,Assisted Living Facility,ALBORADA ALF INC,6006 N COOLIDGE AVE,TAMPA,FL,33614-5502,Hillsborough,(813) 454-6327,LICENSED,ALBORADA ALF INC.,YANET ARMAS,6,For-Profit,
11967878,11877,12/2/2022,12/1/2024,Assisted Living Facility,ALBORADA ALF INC,2114 W BURKE ST,TAMPA,FL,33604-5740,Hillsborough,(813) 454-6327,LICENSED,ALBORADA ALF INC.,YANET ARMAS,6,For-Profit,
11963945,7656,3/20/2021,3/19/2023,Assisted Living Facility,ALDEA GREEN,700 S KINGS AVE,BRANDON,FL,33511-5925,Hillsborough,(813) 662-0255,LICENSED,AMERICAN EAGLE BRANDON LLC,ODALYS RODRIGUEZ,120,Not-For-Profit,http://eagleseniorliving.org/
11968603,12505,5/19/2022,5/18/2024,Assisted Living Facility,ALF MORNING DEW,3501 E KNOLLWOOD ST,TAMPA,FL,33610-1627,Hillsborough,(813) 252-9182,LICENSED,"ALF MORNING DEW, INCORPORATED",OSIEL LIMA,6,For-Profit,
11963871,8761,3/4/2022,3/3/2024,Assisted Living Facility,ALF PHILLIPPE RIDGE,1055 PHILLIPPE PKWY,SAFETY HARBOR,FL,34695-2620,Pinellas,(727) 726-3632,LICENSED,ALF PHILLIPPE RIDGE INC.,MICHELLE BLEVIN COLEMAN,19,For-Profit,
11964960,9440,12/1/2021,11/30/2023,Assisted Living Facility,ALIMAR ASSISTED LIVING,2933 WEST COLUMBUS DRIVE,TAMPA,FL,33607,Hillsborough,(813) 350-9040,LICENSED,ALL CARE SENIOR LIVING LLC,MEREDITH BOND,56,For-Profit,www.alimarassistedliving.com
11967961,11942,2/16/2021,2/15/2023,Assisted Living Facility,ALLEGRO,800 WEST AZEELE ST,TAMPA,FL,33606,Hillsborough,(813) 254-1069,LICENSED,SHP V HYDE PARK LLC,JENNIFER ASTUTO ROTUNDA,156,For-Profit,www.allegroliving.com
11969085,12909,12/27/2022,12/26/2024,Assisted Living Facility,ALONDRA'S ALF LLC,1804 W FLORA ST,TAMPA,FL,33604,Hillsborough,(813) 407-2971,LICENSED,ALONDRA'S ALF LLC,ALINA FELIX,5,For-Profit,
11965351,9734,6/4/2021,6/3/2023,Assisted Living Facility,AMERICAN HOUSE LUTZ,414 CHAPMAN ROAD EAST,LUTZ,FL,33549,Hillsborough,(813) 909-9679,LICENSED,"AH Lutz OpCo, LLC",PEDRO RAMOS,104,For-Profit,www.americanhouse.com
11967821,11770,3/21/2022,3/30/2024,Assisted Living Facility,ANA ABUELOS ALF,2923 W IVY ST,TAMPA,FL,33607-1924,Hillsborough,(813) 748-1304,LICENSED,ABUELO'S ANA ALF INC,MARYLEYDIS LOPEZ-ALVAREZ,6,For-Profit,
11953224,8437,8/7/2021,8/6/2023,Assisted Living Facility,ANGELS GARDEN ACLF INC,8003 NORTH ROME AVENUE,TAMPA,FL,33604,Hillsborough,(813) 933-4585,LICENSED,ANGELS GARDEN ACLF INC,DELIA VALDES,20,For-Profit,
11968636,12507,1/14/2021,1/13/2023,Assisted Living Facility,ANGELS SENIOR LIVING AT NEW TAMPA LLC,14712 N 42ND ST,TAMPA,FL,33613-2955,Hillsborough,(813) 632-6370,IN REVIEW,"ANGELS SENIOR LIVING AT NEW TAMPA, LLC",ROBERT MARTIN,100,For-Profit,www.angelsseniorliving.com
11910092,6694,12/24/2022,12/23/2024,Assisted Living Facility,ANGELS SENIOR LIVING AT NORTH TAMPA,14527 NORTH FLORIDA AVENUE,TAMPA,FL,33613,Hillsborough,(813) 961-3072,LICENSED,"SHADY PALMS RETIREMENT HOMES, INC",JESSE PITTS,98,For-Profit,www.angelsseniorliving.com
11964801,9298,7/12/2021,7/11/2023,Assisted Living Facility,ANGELS SENIOR LIVING AT PALMA CEIA,3720 W BAY TO BAY BLVD,TAMPA,FL,33629-6912,Hillsborough,(813) 831-1914,LICENSED,"LIGHTHOUSE HEALTHCARE GROUP,LLC",DAYNA BOBAK,30,For-Profit,www.angelsseniorliving.com
11942972,8348,7/12/2021,7/11/2023,Assisted Living Facility,ANGELS SENIOR LIVING AT SOUTH TAMPA,3330 S MACDILL AVE,TAMPA,FL,33629-8822,Hillsborough,(813) 835-5700,LICENSED,"LIGHTHOUSE HEALTHCARE GROUP,LLC",DAYNA BOBAK,56,For-Profit,www.angelsseniorliving.com
11969078,12899,12/8/2022,12/7/2024,Assisted Living Facility,ANGELS SENIOR LIVING AT THE LODGES AT IDLEWILD,18440 EXCITING IDLEWILD BLVD,LUTZ,FL,33548,Hillsborough,(813) 264-8200,LICENSED,"ANGELS SENIOR LIVING AT THE LODGES OF IDLEWILD, LLC",BRIANNA CARTER,101,For-Profit,www.angelsseniorliving.com
11970096,13750,11/2/2022,11/1/2024,Assisted Living Facility,ANGELS SENIOR LIVING RESERVE OF IDLEWILD LLC,18420 EXCITING IDLEWILD BLVD,LUTZ,FL,33549,Hillsborough,(813) 886-2023,LICENSED,Angels Senior Living Reserve of Idlewild,ALCIDES SEGUI,120,For-Profit,
11969711,13458,5/8/2022,5/7/2024,Assisted Living Facility,ANGELS TCH INC,11216 MCMULLEN RD,RIVERVIEW,FL,33569,Hillsborough,(813) 412-6560,LICENSED,ANGELS TCH INC,CLIFTON SCOTT,6,For-Profit,
11969679,13422,2/24/2022,2/23/2024,Assisted Living Facility,ANNIE'S ALF,2601 CAMPUS HILL DR,TAMPA,FL,33612,Hillsborough,(813) 374-2817,LICENSED,BOYKINS GROUP LLC,LATONIA BOYKINS,6,For-Profit,anniesalftampa.com
11969647,13402,6/30/2022,6/29/2024,Assisted Living Facility,ANNIES AT LATANIA DR LLC,3413 LATANIA DR,TAMPA,FL,33618,Hillsborough,(813) 644-5752,LICENSED,ANNIES AT LATANIA DR LLC,MOHAMAD HARB,6,For-Profit,Bellavitaalf.com
11969774,13527,6/30/2022,6/29/2024,Assisted Living Facility,ANNIES AT CAPEBEND LLC,2011 CAPE BEND AVE,TAMPA,FL,33613,Hillsborough,(813) 543-8482,LICENSED,ANNIE'S AT CAPE BEND LLC,LATONIA BOYKINS,6,For-Profit,
11969578,13343,6/30/2022,6/29/2024,Assisted Living Facility,ANNIES AT LAKE MAGDALENE LLC,13202 LAKE MAGDALENE BLVD,TAMPA,FL,33618,Hillsborough,(813) 543-8482,LICENSED,ANNIES AT LAKE MAGDALENE LLC,LATONIA BOYKINS,6,For-Profit,
11968783,12657,11/12/2021,11/11/2023,Assisted Living Facility,ARBOR TERRACE CITRUS PARK,13810 SHELDON RD,TAMPA,FL,33626,Hillsborough,(813) 333-9996,LICENSED,SHP VI Tampa LLC,TERESA COVELLI,125,For-Profit,www.at-citruspark.com
11932616,49,9/12/2021,9/11/2023,Assisted Living Facility,ARBOR VILLAGE INC,13107 NORTH 22ND ST,TAMPA,FL,33612-3815,Hillsborough,(813) 972-3616,LICENSED,EYEL SANTOS COMPANY,EDWARD SANTOS,26,For-Profit,
11965292,9709,3/20/2022,3/19/2024,Assisted Living Facility,ARDEN COURTS (TAMPA),14950 CASEY RD,TAMPA,FL,33624,Hillsborough,(813) 963-6100,LICENSED,"ARDEN COURTS OF TAMPA FL, LLC",DENISE E WILIM,60,Not-For-Profit,www.promedica.org
11967757,11723,11/7/2022,11/6/2024,Assisted Living Facility,ARY'S ALF CENTER CORP,4513 DREISLER ST,TAMPA,FL,33634-7317,Hillsborough,(813) 374-3482,LICENSED,ARY'S ALF CENTERS CORP,NELKYS MARTINEZ GARCIA,6,For-Profit,
11968759,12602,3/23/2021,3/22/2023,Assisted Living Facility,ASSURED CARE ALF LLC,12209 MATCHFIELD WAY,RIVERVIEW,FL,33579,Hillsborough,(813) 239-7558,LICENSED,ASSURED CARE ALF LLC,JEFFREY S HILSMAN,6,For-Profit,
11969346,13136,2/26/2022,2/25/2024,Assisted Living Facility,ASSURED CARE ALF NORTH,2006 WRANGLER DR,BRANDON,FL,33511,Hillsborough,(813) 239-7558,LICENSED,ASSURED CARE ALF LLC,JEFFREY S HILSMAN,6,For-Profit,
11964056,8803,2/20/2022,2/19/2024,Assisted Living Facility,ATRIUM GARDENS ALF LLC,1513 W FLETCHER AVE,TAMPA,FL,33612-3315,Hillsborough,(813) 265-0844,LICENSED,"ATRIUM GARDENS ALF, LLC",KIMBERLY RICHARDSON,38,For-Profit,AtriumGardensALF.Com
11964082,8855,2/1/2021,1/31/2023,Assisted Living Facility,AUSTIN GROUP (THE),1011 VAN DYKE ROAD,LUTZ,FL,33548-4719,Hillsborough,(813) 948-6184,IN REVIEW,THE AUSTIN GROUP INC,KAREN BARCIA RODRIGUEZ,12,For-Profit,www.sweetwatermanor.com
11967864,11841,4/22/2022,4/21/2024,Assisted Living Facility,AVA CARES I,3005 BELL SHOALS ROAD,BRANDON,FL,33511,Hillsborough,(813) 300-6177,LICENSED,"AVA CARES, LLC",ROGER THOMAS DEROSA,6,For-Profit,
11965587,9939,4/1/2022,3/31/2024,Assisted Living Facility,AVENTURA BAY PLACE LLC,10401 ROOSEVELT BLVD,SAINT PETERSBURG,FL,33716,Pinellas,(727) 563-9733,LICENSED,Aventura Bay Place LLC,JONATHAN W. BRADFORD,105,For-Profit,https://bonsecours.com/st-petersburg/find-a-facility/bon-secours-place
11967379,11420,12/7/2022,12/6/2024,Assisted Living Facility,BAMBOO VILLAS ASSISTED LIVING FACILITY LLC,2730 W WILDER AVE,TAMPA,FL,33614-6809,Hillsborough,(813) 766-4018,LICENSED,"BAMBOO VILLAS ASSISTED LIVING FACILTY, LLC",RODOLFO C SUMULONG,24,For-Profit,www.bamboovillasalf.com
11968529,12409,12/17/2021,12/16/2023,Assisted Living Facility,BELLA ROSE ALF INC,804 W YUKON ST,TAMPA,FL,33604-1236,Hillsborough,(813) 455-6536,LICENSED,BELLA ROSE ALF INC,CAMILA GORGAL,6,For-Profit,bellarosealf.com
11967541,11573,8/2/2021,8/1/2023,Assisted Living Facility,BENRAC HOME ALF,910 BRIARCLIFF DRIVE,VALRICO,FL,33594,Hillsborough,(813) 453-4245,LICENSED,BENRAC TENDER CARE INC,OLUDOTUN ALEGE,6,For-Profit,
11968965,12795,5/16/2022,5/15/2024,Assisted Living Facility,BEST CARE SENIOR LIVING AT HERITAGE MANOR,1908 E 131ST AVE,TAMPA,FL,33612-4690,Hillsborough,(813) 977-7878,LICENSED,HERITAGE MANOR ASISTED LIVING FACILITY CORP,CRISTINA ARUTA,40,For-Profit,
11911240,7338,3/27/2021,3/26/2023,Assisted Living Facility,BEST CARE SENIOR LIVING AT SAINT JOSEPH,4406 MELTON AVE,TAMPA,FL,33614-7218,Hillsborough,(813) 870-1430,LICENSED,VIDA SERENA ASSISTED LIVING FACILITY INC,CRISTINA ARUTA,84,For-Profit,www.bestcareseniorliving.com
11969162,13007,8/9/2021,8/8/2023,Assisted Living Facility,BORMEY ASSISTED LIVING FACILITIES INC,6416 AMBASSADOR DR,TAMPA,FL,33615,Hillsborough,(813) 512-8569,LICENSED,BORMEY ASSISTED LIVING FACILITIES INC,LISET RODRIGUEZ-BORMEY,6,For-Profit,
11969862,13612,6/16/2021,6/15/2023,Assisted Living Facility,BRISAS DEL CARIBE ALF II,2205 SHERMONT PL,BRANDON,FL,33511,Hillsborough,(813) 454-5891,LICENSED,BRISAS DEL CARIBE ALF INC,JOSE M CARRENO,6,For-Profit,
11969323,13123,5/2/2022,5/1/2024,Assisted Living Facility,BRISAS DEL CARIBE ALF INC,2203 SHERMONT PL,BRANDON,FL,33511,Hillsborough,(813) 454-5891,LICENSED,BRISAS DEL CARIBE ALF INC,JOSE M CARRENO,6,For-Profit,www.brisasalf.com
11910005,7565,1/11/2021,1/10/2023,Assisted Living Facility,BROOKDALE BAYSHORE,4902 BAYSHORE BLVD,TAMPA,FL,33611-3870,Hillsborough,(813) 835-4475,IN REVIEW,"BLC TAMPA-GC, LLC",AMY JORDAN,190,For-Profit,www.brookdale.com
11969852,13611,6/16/2021,6/15/2023,Assisted Living Facility,BRYAN'S CHATEAU (THE),1803 POWDER RIDGE DR,VALRICO,FL,33594,Hillsborough,(813) 215-9577,LICENSED,BRYAN'S CHATEAU (THE),ICOLIN MAY BRYAN,5,For-Profit,
11969217,13032,10/17/2021,10/16/2023,Assisted Living Facility,C & Z SUNSHINE HEALTHCARE LLC,8233 DRY CREEK DR,TAMPA,FL,33615,Hillsborough,(813) 833-6700,LICENSED,"C&Z SUNSHINE HEALTHCARE, LLC",ZORA GUTIERREZ,6,For-Profit,
11969136,12961,5/7/2021,5/6/2023,Assisted Living Facility,C&V ASSISTED LIVING CORP,6005 N CAMERON AVE,TAMPA,FL,33614,Hillsborough,(305) 778-8352,LICENSED,C & V Assisted Living Corp,SANDRA VALDES,6,For-Profit,
11968008,11976,6/16/2021,6/15/2023,Assisted Living Facility,CAMERON ALF II,3122 W SLIGH AVE,TAMPA,FL,33614-4607,Hillsborough,(813) 405-8064,LICENSED,CAMERON ALF CORP,ALEXIS ARTEAGA,10,For-Profit,www.cameronalfcorp.com
11968418,12311,4/4/2021,4/3/2023,Assisted Living Facility,CAMERON ALF III CORP,3202 W MINNEHAHA ST,TAMPA,FL,33614,Hillsborough,(813) 405-8064,LICENSED,CAMERON ALF CORP,,8,For-Profit,www.cameronalfcorp.com
11970105,13753,12/2/2022,12/1/2024,Assisted Living Facility,CANTERBURY TOWERS INC,3501 BAYSHORE BLVD,TAMPA,FL,33629,Hillsborough,(813) 837-1083,LICENSED,"CANTERBURY TOWERS, INC.",CARIDAD VINAS,9,For-Profit,www.canterburytower.org
11970057,13723,9/1/2022,7/17/2024,Assisted Living Facility,CAPRI ALF CORP,7705 W HENRY AVE,TAMPA,FL,33615,Hillsborough,(813) 882-4853,LICENSED,CAPRI ALF CORP,JOSE RAFAEL CASALLAS,6,For-Profit,
11966361,10588,5/3/2021,5/2/2023,Assisted Living Facility,CAREGIVERS TOUCH ALF,4536 WEST IDLEWILD AVE,TAMPA,FL,33614,Hillsborough,(813) 881-1887,LICENSED,ORESBURN & ASSOSCIATES INC,NIURKA ALEJO,6,For-Profit,
11967974,11938,4/6/2021,4/5/2023,Assisted Living Facility,CAREGIVERS TOUCH ALF 2,7525 NORTH CAMERON AVENUE,TAMPA,FL,33614,Hillsborough,(813) 443-1546,LICENSED,ORESBURN & ASSOCIATES INC.,NIURKA ALEJO,6,For-Profit,
11968373,12261,9/5/2022,9/4/2024,Assisted Living Facility,CARMEN'S GOODCARE ALF CORP,908 W YUKON ST,TAMPA,FL,33604,Hillsborough,(813) 455-6536,LICENSED,CARMEN'S GOODCARE ALF CORP,CAMILA GORGAL,6,For-Profit,
11967888,11910,2/1/2021,1/31/2023,Assisted Living Facility,CASA DE LOS ABUELOS ALF,6521 WEST HANNA AVENUE,TAMPA,FL,33634,Hillsborough,(813) 443-3357,IN REVIEW,CASA DE LOS ABUELOS ALF CORP.,LOLIET M PEREZ,6,For-Profit,
11967494,11519,4/16/2021,4/15/2023,Assisted Living Facility,CASA LORETO ASSISTED LIVING FACILITY INC,3212 W KATHLEEN STREET,TAMPA,FL,33607,Hillsborough,(813) 870-0210,LICENSED,"CASA LORETO ASSISTED LIVING FACILITY, INC",YVONNE TORANZO,8,For-Profit,
11968173,12121,4/29/2021,4/28/2023,Assisted Living Facility,CASA SANTA MARTHA ALF INC,1917 W MOHAWK AVE,TAMPA,FL,33603,Hillsborough,(813) 392-1409,LICENSED,CASA SANTA MARTHA ALF INC,NEFER CAMEJO,6,For-Profit,
11965233,9717,5/3/2022,5/2/2024,Assisted Living Facility,CASTLE COURT ALF INC,9709 NORTH NEBRASKA AVENUE,TAMPA,FL,33612,Hillsborough,(813) 933-6333,LICENSED,"CASTLE COURT ALF, INC.",GEETHA JOSEPH,73,For-Profit,www.castlecourtalf.com
11966458,10691,3/31/2021,3/30/2023,Assisted Living Facility,CENTRAL TAMPA ASSISTED LIVING,5010 N 40TH ST,TAMPA,FL,33610-5202,Hillsborough,(813) 663-9696,LICENSED,FAMILY EXTENDED CARE OF CENTRAL TAMPA INC,WILLIAM BUKA,100,Not-For-Profit,www.centraltampaal.org
11967652,11670,11/9/2021,11/29/2021,Assisted Living Facility,CLARIDGE HOUSE AT THE BRIDGES (THE),11202 DEWHURST DRIVE,RIVERVIEW,FL,33578,Hillsborough,(813) 413-8900,IN LITIGATION,"BVM THE BRIDGES, LLC",DONNA M STEIERMANN,101,For-Profit,www.bridgesretirement.com
11964530,9059,3/19/2021,3/18/2023,Assisted Living Facility,CLOUDBERRY LODGE AT BRANDON,3918 S KINGS AVE,BRANDON,FL,33511-7749,Hillsborough,(813) 662-1535,LICENSED,TRIDENT ACQUISITION CONSULTANTS I LLC,AARON PFEIFER,54,For-Profit,www.cloudberrylodge.com
11942892,5898,5/1/2022,4/30/2024,Assisted Living Facility,COLONIAL ASSISTED LIVING AT TAMPA FL,11722 NORTH 17TH STREET,TAMPA,FL,33612,Hillsborough,(813) 971-8072,LICENSED,"SUNRISE SENIOR VILLAGE ASSISTED LIVING, INC.",DARCIELLE GRAY,90,For-Profit,www.colonialalf.com
11969051,12914,1/17/2023,1/16/2025,Assisted Living Facility,COMFORT CARE ALF OF TAMPA BAY INC,2513 W VIOLET ST,TAMPA,FL,33614,Hillsborough,(813) 455-6536,LICENSED,COMFORT CARE ALF OF TAMPA BAY INC,MAYOL DORINDA,5,For-Profit,
11910033,4110,5/1/2022,4/30/2024,Assisted Living Facility,CONCORDIA VILLAGE OF TAMPA,4100 E FLETCHER AVE,TAMPA,FL,33613-4863,Hillsborough,(813) 632-2430,LICENSED,CONCORDIA OF FLORIDA INC,AGNES LYNETTE TURK,175,Not-For-Profit,www.concordialm.org
11968604,12485,7/2/2022,7/1/2024,Assisted Living Facility,CONSUELOS ALF,4401 W BALLAST POINT BLVD,TAMPA,FL,33611-5601,Hillsborough,(813) 775-8689,LICENSED,CONSUELO'S ALF INC,MASSIEL REYNALDO,6,For-Profit,
11968751,12642,2/28/2022,2/27/2024,Assisted Living Facility,CROSSINGS AT RIVERVIEW THE,8451 US HWY 301 S,RIVERVIEW,FL,33578,Hillsborough,(813) 671-0222,LICENSED,WP CROSSINGS SR-FL HOLDER LLC,ELIZABETH DONFILA,104,For-Profit,thecrossingsatriverview.com
11969378,13160,4/27/2022,4/26/2024,Assisted Living Facility,DAYI'S SUNFLOWERS ALF LLC,5739 RIDGESTONE DR,TAMPA,FL,33625,Hillsborough,(813) 203-9277,LICENSED,DAYI'S SUNFLOWERS ALF . LLC,CARLOS A HERNANDEZ,6,For-Profit,
11968767,12623,10/30/2022,10/29/2024,Assisted Living Facility,DE LAS MERCEDES ALF CORP,7012 N ORLEANS AVE,TAMPA,FL,33604,Hillsborough,(813) 785-2894,LICENSED,DE LAS MERCEDES ALF CORP,DAILY PENA PORRAS,6,For-Profit,
11968231,12172,4/16/2022,4/15/2024,Assisted Living Facility,DEBRA'S ASSISTED LIVING FACILITY,1314 E LOUISE AVE,TAMPA,FL,33603,Hillsborough,(813) 546-4884,LICENSED,DEBRA'S DIVINE CARE INC,DEBRA A WALLACE,6,For-Profit,N/A
11969190,12993,6/25/2021,6/24/2023,Assisted Living Facility,DISCOVERY VILLAGE AT TAMPA PALMS,17470 BROOKSIDE TRACE CT,TAMPA,FL,33647,Hillsborough,(813) 605-2400,LICENSED,BRITTON (TAMPA PALMS)TRS LLC,ANGELINE HERNANDEZ,120,For-Profit,DiscoveryVillages.com
11969503,13328,6/30/2022,6/29/2024,Assisted Living Facility,DISCOVERY VILLAGE AT WESTCHASE,11330 COUNTRYWAY BOULEVARD,TAMPA,FL,33626,Hillsborough,(813) 670-3272,LICENSED,WESTCHASE FL SENIOR HOUSING OPCO LLC,DUSTIN ISABELL,140,For-Profit,Discoveryvillages.com
11969952,13687,2/17/2022,1/26/2024,Assisted Living Facility,DIVINE OASIS ALF LLC,918 RIDGELAND LN,VALRICO,FL,33594,Hillsborough,(305) 988-0333,LICENSED,DIVINE OASIS ALF LLC,MARIBEL PAGAN,6,For-Profit,
11967632,11672,1/6/2022,1/5/2024,Assisted Living Facility,DLM HOME CARE SERVICES ALF,8416 BARRETT PLACE,TAMPA,FL,33617,Hillsborough,(813) 443-5121,LICENSED,DLM HOME CARE SERVICES LLC,DAVID FRANKLIN MOYERS,6,For-Profit,dlmhomecare.com
11968036,12075,2/8/2022,2/7/2024,Assisted Living Facility,DORA ASSISTED LIVING FACILITY INC,7009 JEAN CT,TAMPA,FL,33634,Hillsborough,(813) 415-2768,LICENSED,DORA ASSISTED LIVING FACILITY INC,MAGDA OLIVERA,6,For-Profit,
11969154,12994,7/18/2021,7/17/2023,Assisted Living Facility,"DOROTHY CARES ALF, LLC",11626 TROPICAL ISLE LN,RIVERVIEW,FL,33579,Hillsborough,(813) 862-8871,LICENSED,"DOROTHY CARES ALF, LLC",DOROTHY ARAUJO,6,For-Profit,www.dorothycaresalf.com
11969253,13055,11/27/2021,11/26/2023,Assisted Living Facility,DOROTHY CARES II ALF,10427 CRESTFIELD DR,RIVERVIEW,FL,33569,Hillsborough,(813) 862-8871,LICENSED,"DOROTHY CARES ALF, LLC",DOROTHY ARAUJO,6,For-Profit,www.dorothycaresalf.com
11969523,13302,9/4/2021,9/3/2023,Assisted Living Facility,EL COCHERO ALF CORP,3012 ROBSON ST,TAMPA,FL,33614,Hillsborough,(813) 512-6012,LICENSED,EL COCHERO ALF CORP,MARILIN MACHADO,6,For-Profit,
11969113,12938,3/1/2022,2/29/2024,Assisted Living Facility,EL OASIS ADULT CARE,2307 W ST JOSEPH ST,TAMPA,FL,33607,Hillsborough,(813) 554-2065,LICENSED,EL OASIS ASSISTED LIVING FACILITY INC.,LEYNER DIAZ,6,For-Profit,
11968621,12483,6/26/2022,6/25/2024,Assisted Living Facility,EL OASIS ALF II INC,2806 W KIRBY ST,TAMPA,FL,33614,Hillsborough,(813) 252-6112,LICENSED,EL OASIS ALF II INC,LEYSEL DIAZ,6,For-Profit,
11968064,12074,1/3/2022,1/2/2024,Assisted Living Facility,EL OASIS ALF INC,6612 NORTH HALE AVENUE,TAMPA,FL,33614,Hillsborough,(813) 402-2127,LICENSED,EL OASIS ASSISTED LIVING FACILITY INC.,LEYSEL DIAZ,6,For-Profit,
11942977,6124,10/22/2021,10/21/2023,Assisted Living Facility,ELYSIAN GARDENS ASSISTED LIVING FACILITY OF TAMPA,312 E 124TH AVE,TAMPA,FL,33612-4305,Hillsborough,(813) 932-3618,LICENSED,ELYSIAN GARDENS LLC,TIFFENY CLAYTON,50,For-Profit,www.Elysian-gardens.com
11969348,13150,11/11/2021,10/31/2023,Assisted Living Facility,EMBASSY BRANDON LLC,1320 OAKFIELD DR,BRANDON,FL,33511,Hillsborough,(813) 607-6880,LICENSED,EMBASSY BRANDON LLC,WANDA-SUE BLAKEY,146,For-Profit,www.tessarabrandon.com
11968434,12347,11/15/2022,5/15/2023,Assisted Living Facility,EMMA'S CREEK ALF,11207 COCOA BEACH DR,RIVERVIEW,FL,33569,Hillsborough,(813) 847-5766,PROVISIONAL,EMMA'S CREEK ALF LLC,KEIRSTEN SANDERS,6,For-Profit,
11967883,11880,9/27/2021,9/26/2023,Assisted Living Facility,ERIKA'S HOUSE ALF,8301 N GOMEZ AVE,TAMPA,FL,33614-2814,Hillsborough,(813) 933-5953,LICENSED,CARE A LOT HOMES LLC,LADAWN RIVERA,6,For-Profit,
11968323,12223,12/5/2022,12/4/2024,Assisted Living Facility,"ESTATE AT HYDE PARK, (THE)",2301 W PALM DR,TAMPA,FL,33629,Hillsborough,(813) 251-6333,LICENSED,"ARHC HBTPAFLO1 TRS, LLC",LINDA CARTWRIGHT,95,For-Profit,www.seniorlifestyle.com
11968557,12447,3/16/2022,3/16/2024,Assisted Living Facility,FAITH HOME CARE ALF INC,114 EUCLID AVE,SEFFNER,FL,33584,Hillsborough,(813) 689-1922,LICENSED,FAITH HOME CARE ALF INC,ROSALYN GREEN,5,For-Profit,https://www.faithhomecarealf.com
11932571,4653,7/31/2022,7/30/2024,Assisted Living Facility,FEEL AT HOME INC,129 W 131 AVE,TAMPA,FL,33612-3443,Hillsborough,(813) 933-9845,LICENSED,"FEEL AT HOME, INC.",ADEYEMI ONIKEKU,16,For-Profit,Feelathomealf.com
11969363,13187,9/17/2022,9/16/2024,Assisted Living Facility,FEELS LIKE HOME IN TAMPA ALF INC,6018 MEMORIAL HWY,TAMPA,FL,33615,Hillsborough,(813) 252-8418,LICENSED,"FEELS LIKE HOME IN TAMPA ALF, INC",YAILYN RODRIGUEZ,6,For-Profit,
11968267,12179,6/14/2021,6/13/2023,Assisted Living Facility,FLORENTINA'S HOUSE ALF CORP,4203 W OHIO AVE,TAMPA,FL,33614-7825,Hillsborough,(813) 252-6241,LICENSED,FLORENTINAS HOUSE ALF CORP,ONAY CONCEPCION-GARCIA,6,For-Profit,
11968142,12101,2/5/2022,2/4/2024,Assisted Living Facility,FRIENDLY HOUSE OF TAMPA BAY INC THE,2602 W COMANCHE AVE,TAMPA,FL,33614-6175,Hillsborough,(813) 915-5016,LICENSED,"THE FRIENDLY HOUSE OF TAMPA BAY, INC",LUIS F. CARRERA,8,For-Profit,www.thefriendlyhouse.net
11965022,9556,9/1/2021,8/31/2023,Assisted Living Facility,GAIL'S ALF,811 E OSBORNE AVE,TAMPA,FL,33603-4019,Hillsborough,(813) 239-3322,LICENSED,"GAIL'S ALF, INC.",GAIL COLEMAN,10,For-Profit,Gail's Assisted Living Facility
11968262,12249,10/18/2021,10/17/2023,Assisted Living Facility,GARDEN OASIS ALF,515 HICKORY LAKE DR,BRANDON,FL,33511,Hillsborough,(813) 315-8233,LICENSED,SEGGYYEN VENTURES LLC,MS PRETTY OLUFUNKE AYENI,6,For-Profit,www.gardenoasisalf.com
11968757,12599,3/18/2021,3/17/2023,Assisted Living Facility,GARDENS OF TIME II CORP,2914 W SLIGH AVE,TAMPA,FL,33614,Hillsborough,(813) 505-5564,LICENSED,GARDENS OF TIME II CORP,MARTHA MEDINA,5,For-Profit,
11967829,11832,8/7/2021,8/6/2023,Assisted Living Facility,GARDENS OF TIME III CORP,2006 W BARCLAY RD,TAMPA,FL,33612-7544,Hillsborough,(813) 932-4610,LICENSED,GARDENS OF TIME III CORP,DAVID REMEDIOS AGUADO,5,For-Profit,
11968362,12263,1/6/2023,1/5/2025,Assisted Living Facility,GARDENS OF TIME LLC,4603 N SAINT VINCENT ST,TAMPA,FL,33614,Hillsborough,(813) 505-5564,LICENSED,GARDENS OF TIME LLC,MARTHA MEDINA,8,For-Profit,
11969844,13587,4/19/2021,4/18/2023,Assisted Living Facility,GENTLE HARBOR SENIOR CARE,7003 FLINT DR,TAMPA,FL,33619,Hillsborough,(813) 403-9239,LICENSED,Gentle Harbor Senior Care LLC,DIONNE A SARDON,6,For-Profit,
11968541,12443,12/9/2021,12/8/2023,Assisted Living Facility,GOLDEN AGE ALF OF TAMPA BAY INC,3328 W SPRUCE ST,TAMPA,FL,33607-4225,Hillsborough,(813) 877-6581,LICENSED,GOLDEN AGE ALF OF TAMPA BAY INC,BRYAN TOLEDO,8,For-Profit,
11969710,13460,5/8/2022,5/7/2024,Assisted Living Facility,GOLDEN BUTTERFLY CORP,6217 PALVIEW CT,TAMPA,FL,33625,Hillsborough,(813) 244-3298,LICENSED,GOLDEN BUTTERFLY CORP,YENIS M RETUERTO,6,For-Profit,
11966850,11015,6/10/2021,6/9/2023,Assisted Living Facility,GOLDEN LIFE ALF LLC,200 SE LINCOLN CIR N,SAINT PETERSBURG,FL,33703-1435,Pinellas,(727) 520-9314,LICENSED,GOLDEN LIFE ALF LLC,MARIA E LABIOS,6,For-Profit,
11964382,9000,11/29/2021,11/28/2023,Assisted Living Facility,GOOD SHEPHERD ALF OF BRANDON LLC,1801 LIDO DR,BRANDON,FL,33511-6824,Hillsborough,(813) 684-4989,LICENSED,GOOD SHEPHERD ALF OF BRANDON LLC,THELMA MANAGAD,6,For-Profit,
11968096,12164,10/15/2022,10/14/2024,Assisted Living Facility,HACIENDA ALF SERVICES LLC,1510 E PALM AVE,TAMPA,FL,33605-3715,Hillsborough,(813) 247-3339,LICENSED,HACIENDA ALF SERVICES LLC,DEBRA SUE NALES,36,Not-For-Profit,Angels Senior Living.com
11969617,13377,3/11/2022,3/10/2024,Assisted Living Facility,HAVEN ALF INC,1514 HAVEN BEND,TAMPA,FL,33613,Hillsborough,(813) 284-5078,LICENSED,"HAVEN ALF, INC",RONNIEL ESPIGUL-GARCIA,6,For-Profit,
11965614,9949,8/4/2021,8/3/2023,Assisted Living Facility,HAWTHORNE INN OF BRANDON,859 W LUMSDEN ROAD,BRANDON,FL,33511,Hillsborough,(813) 661-8998,LICENSED,HAWTHORNE BRANDON AL OPERATIONS LLC,TONYA THOMPSON,64,Not-For-Profit,Hawthornevillageofbrandon.com
11969558,13321,11/5/2021,11/4/2023,Assisted Living Facility,HELPING HANDS SENIOR SERVICES LLC,2504 BUCKHORN TRACE CT,VALRICO,FL,33594,Hillsborough,(813) 482-3222,LICENSED,HELPING HANDS SENIOR SERVICES LLC,MONA MAKHLOUF,6,For-Profit,
11967138,11225,5/2/2022,5/1/2024,Assisted Living Facility,HELPING HEART ASSISTED LIVING FACILITY,5317 E 20TH AVE,TAMPA,FL,33619,Hillsborough,(813) 900-7479,LICENSED,HELPING HEART LLC,KENESHIA CHRISHAUNA WYATT,5,For-Profit,www.helpingheartllc.com
11967259,11339,6/5/2022,6/4/2024,Assisted Living Facility,HERNANDEZ ALF,6604 N ORLEANS AVE,TAMPA,FL,33604-6428,Hillsborough,(813) 270-6040,LICENSED,HERNANDEZ ALF INC,LISANDRA HERNANDEZ,6,For-Profit,
11968675,12543,10/20/2022,10/19/2024,Assisted Living Facility,HERNANDEZ ALF II LLC,3010 W HAYA ST,TAMPA,FL,33614-6735,Hillsborough,(813) 270-6040,LICENSED,HERNANDEZ ALF II LLC,LISANDRA HERNANDEZ,6,For-Profit,
11968945,12778,4/11/2022,4/10/2024,Assisted Living Facility,HOWARD HOME CARE ALF INC,7001 N HOWARD AVE,TAMPA,FL,33604,Hillsborough,(813) 304-1204,LICENSED,HOWARD HOME CARE ALF INC,CARLOS DIAZ,8,For-Profit,
11966307,10528,5/11/2022,5/10/2024,Assisted Living Facility,HUDSON MANOR,115 E DAVIS BLVD,TAMPA,FL,33606-3513,Hillsborough,(813) 254-8399,LICENSED,TWIN DAVIS OPERATOR LLC,CRYSTAL JUNG,66,For-Profit,Hudsonmanor.net
11967471,11504,3/23/2021,3/22/2023,Assisted Living Facility,HYDE PARK ASSISTED LIVING FACILITY,3011 WEST DE LEON ST,TAMPA,FL,33609,Hillsborough,(813) 205-0387,LICENSED,ASSISTED LIVING INC,JOSEPH W JOSEPH,68,For-Profit,www.hydeparkalf.com
11966591,10756,3/2/2022,3/1/2024,Assisted Living Facility,IMMANUEL AT YBOR ASSISTED LIVING FACILITY,3213 E 11TH AVE,TAMPA,FL,33605-4317,Hillsborough,(813) 247-5852,LICENSED,"YETEY ENTERPRISES, INC.",ABIODUN ADEGBOLA,19,For-Profit,
11969258,13093,1/23/2022,1/22/2024,Assisted Living Facility,INFINITY CARE ALF INC,6411 WILSHIRE DR,TAMPA,FL,33615,Hillsborough,(813) 443-6558,LICENSED,INFINITY CARE ALF INC,LEIDY PEREZ-LOPEZ,6,For-Profit,
11966328,10546,6/1/2022,5/31/2024,Assisted Living Facility,INN ASTON AT GARDENS TAMPA BAY (THE),11741 LAKE ASTON CT,TAMPA,FL,33626-3100,Hillsborough,(813) 569-7585,LICENSED,TAMPA FL SENIOR HOUSING OPCO LLC,LORENA ZAYAS,50,For-Profit,www.astongardens.com
11968822,12689,9/8/2021,9/7/2023,Assisted Living Facility,INSPIRED LIVING AT TAMPA,5130 KELLY RD,TAMPA,FL,33615-4726,Hillsborough,(813) 739-0007,LICENSED,"SENIOR LIVING VII TAMPA, LLC",CHARLES DOUGLAS WHITE,68,For-Profit,http://inspiredliving.care/inspired-living-at-tampa/
11953318,8616,9/7/2021,9/6/2023,Assisted Living Facility,JEANETTE BOSTON ALF,6916 N 30TH ST,TAMPA,FL,33610-1102,Hillsborough,(813) 237-5792,LICENSED,JEANETTE BOSTON,JEANETTE BOSTON,7,For-Profit,JEANETTEBOSTON ALF.COM
11967464,11483,2/15/2021,2/14/2023,Assisted Living Facility,JOSEPHINE'S HOME AWAY FROM HOME,1407 E HOLLAND AVE,TAMPA,FL,33612-6913,Hillsborough,(813) 972-1057,LICENSED,SHARON M BUTLER,SHARON M BUTLER,5,For-Profit,
11967826,11790,8/8/2021,8/7/2023,Assisted Living Facility,JUSTIN FAMILY ALF,10103 BAY WIND CT,TAMPA,FL,33615,Hillsborough,(813) 443-2222,LICENSED,"JUSTIN FAMILY A.L.F., LLC",SWAMY BRITO-FERNANDEZ,6,For-Profit,
11966226,10480,6/1/2022,5/31/2024,Assisted Living Facility,KAY & JAY 09 LLC,1411 EAST WATERS AVENUE,TAMPA,FL,33604,Hillsborough,(813) 935-8978,LICENSED,KAY&JAY 09 LLC,JONALDINE ELISCARD JEANBRINVIL,8,For-Profit,
11910049,7336,1/22/2022,1/21/2024,Assisted Living Facility,KRISTIANNA'S,104 GARLAND CT,TAMPA,FL,33613-1826,Hillsborough,(813) 961-6887,LICENSED,"PIRAKMI, INC.",UNIDAD R BONOAN,22,For-Profit,
11969714,13474,5/27/2022,5/26/2024,Assisted Living Facility,L&Y PARADISE ALF CORP,14314 CAPITOL DR,TAMPA,FL,33613,Hillsborough,(813) 310-6548,LICENSED,L & Y PARADISE ALF CORP,LEIRYS ALFONSO,6,For-Profit,
11969231,13056,11/27/2021,11/26/2023,Assisted Living Facility,LA GLORIA ALF LLC,6003 W KNOX ST,TAMPA,FL,33634,Hillsborough,(813) 515-4303,LICENSED,LA GLORIA ALF LLC,MAGDA OLIVERA,5,For-Profit,
11969690,13473,5/26/2022,5/25/2024,Assisted Living Facility,LA ROSA ALF CORP,1615 CARNEGIE CIR,TAMPA,FL,33619,Hillsborough,(813) 402-2596,LICENSED,LAROSA ALF CORP,LEITSY LA ROSA,6,For-Profit,
11969327,13139,3/13/2022,3/12/2024,Assisted Living Facility,LARRY'S FAMILY 1 CARE ALF LLC,4402 W MINNEHAHA ST,TAMPA,FL,33614,Hillsborough,(813) 841-9831,LICENSED,LARRY'S FAMILY 2 CARE ALF LLC,KIRENIA GUZMAN MARTINEZ,6,For-Profit,
11968614,12484,6/26/2022,6/25/2024,Assisted Living Facility,LARRY'S FAMILY 2 CARE ALF LLC,8346 GARRISON CIR,TAMPA,FL,33615-1214,Hillsborough,(813) 841-9831,LICENSED,LARRY'S FAMILY 2 CARE ALF LLC,KIRENIA GUZMAN MARTINEZ,5,For-Profit,
11968425,12309,4/3/2021,4/2/2023,Assisted Living Facility,LAS MERCEDES FAMILY HOME INC,8426 N MANHATTAN AVE,TAMPA,FL,33614-1406,Hillsborough,(813) 249-4536,LICENSED,LAS MERCEDES FAMILY HOME INC,ANAMARYS REYES,6,For-Profit,
11968854,12715,8/31/2021,8/30/2023,Assisted Living Facility,LEGACY AT HIGHWOODS PRESERVE,18600 HIGHWOODS PRESERVE PKWY,TAMPA,FL,33647,Hillsborough,(813) 375-9858,LICENSED,HIGHWOODS PRESERVE OPCO LLC,MITCHELL EDELSTEIN,88,For-Profit,Legacyathighwoodspreserve.com
11970009,13743,2/2/2023,9/13/2024,Assisted Living Facility,LIFE VISION'S ASSISTED LIVING AND QUALITY CARE,3510 E FRIERSON AVE,TAMPA,FL,33610,Hillsborough,(813) 817-0525,LICENSED,LIFE VISION'S WORK INC,APRYL L WILCOX FL,8,Not-For-Profit,
11967948,11904,1/25/2023,1/24/2025,Assisted Living Facility,LILIAN ALF INC,1317 W RAMBLA ST,TAMPA,FL,33612-7737,Hillsborough,(813) 270-6231,LICENSED,"LILIAN ALF, INC.",LILIAN PENA,8,For-Profit,
11967740,11733,1/25/2022,1/24/2024,Assisted Living Facility,LIVING WELL COMMUNITY LLC,2222 JOHN MOORE RD,BRANDON,FL,33511-6333,Hillsborough,(813) 661-7186,LICENSED,"LIVING WELL COMMUNITY, LLC",NIKISHA N. ROBERTS,6,For-Profit,http://www.livingwellalf.com/
11969901,13648,1/25/2022,9/13/2023,Assisted Living Facility,LIZANDRA ASSISTED LIVING FACILITY INC,8507 N 28TH ST,TAMPA,FL,33604,Hillsborough,(813) 337-9294,LICENSED,LIZANDRA ASSISTED LIVING FACILITY INC,LIZANDRA CALZADILLA,5,Not-For-Profit,
11970128,13773,1/24/2023,1/23/2025,Assisted Living Facility,LOVED BY THE DAY LLC,714 WESTWOOD CIR,BRANDON,FL,33511,Hillsborough,(813) 643-6681,LICENSED,LOVED BY THE DAY LLC.,MELISSA WALKER,6,For-Profit,lovedbytheday.com
11968836,12685,9/3/2021,9/2/2023,Assisted Living Facility,LOVING CARE ALF INC,11008 AIRVIEW DR,TAMPA,FL,33625,Hillsborough,(813) 264-1850,LICENSED,LOVING CARE ALF INC,LEIDY PEREZ-LOPEZ,6,For-Profit,
11969332,13138,6/3/2022,6/2/2024,Assisted Living Facility,LOVING HEALTH CARE CORP,14706 EGRET PLACE,TAMPA,FL,33625,Hillsborough,(813) 481-2184,LICENSED,LOVING HEALTH CARE CORP,ARIADNA BORREGO,6,For-Profit,
11963744,6512,7/1/2022,6/30/2024,Assisted Living Facility,MAGNOLIA HOUSE,655 5TH AVE N,SAFETY HARBOR,FL,34695-3014,Pinellas,(727) 637-2820,LICENSED,JAMES TRESH,JAMES TRESH,8,For-Profit,
11968151,12096,2/13/2022,2/12/2024,Assisted Living Facility,MAGNOLIA MANOR ASSISTED LIVING INC,17420 OLD TOBACCO RD,LUTZ,FL,33558-4979,Hillsborough,(813) 918-0588,LICENSED,MAGNOLIA MANOR ASSISTED LIVING INC,ROBBIN LONZANO,53,For-Profit,www.magnoliamanoralf.com
11969928,13708,4/22/2022,4/21/2024,Assisted Living Facility,MANIFESTATIONS ASSISTED LIVING FACILITY,3610 N 31ST ST,TAMPA,FL,33605,Hillsborough,(813) 533-6729,LICENSED,MANIFESTATION WORLDWIDE INC,RENAE KENDRICK,6,For-Profit,
11967099,11199,3/15/2022,3/14/2024,Assisted Living Facility,"MARINA ASSISTED LIVING FACILITY, LLC",6702 WEST CLIFTON STREET,TAMPA,FL,33634,Hillsborough,(813) 956-2663,LICENSED,MARINA ASSISTED LIVING FACILITY LLC,LIUDISLAYNES DOMINGUEZ,6,For-Profit,
11910636,6073,9/15/2022,9/14/2024,Assisted Living Facility,MASONIC HOME OF FLORIDA,3201 1ST ST NE,SAINT PETERSBURG,FL,33704-2205,Pinellas,(727) 822-3499,LICENSED,MOST WORSHIPFUL GRAND LODGE OF FREE & ACCEPTED MASONS OF FLORIDA,RENEE L VERRIER,102,Not-For-Profit,www.masonichomefl.com
11968770,12628,5/17/2021,5/16/2023,Assisted Living Facility,MAYDEL ALF 2 CORP,14910 N OLA AVE,TAMPA,FL,33613,Hillsborough,(813) 450-3345,LICENSED,MAYDEL ALF CORP.,MAYDEL SUAREZ,6,For-Profit,
11968365,12274,3/5/2021,3/4/2023,Assisted Living Facility,MAYI'S ALF INC,14053 BRIARDALE LN,TAMPA,FL,33618,Hillsborough,(813) 562-0827,LICENSED,MAYI'S ALF INC,MAGDA OLIVERA,6,For-Profit,
11968830,12675,8/27/2021,8/26/2023,Assisted Living Facility,"MEMORY LANE COTTAGE AT TAMPA PALMS, LLC",5175 CYPRESS PRESERVE DR,TAMPA,FL,33647,Hillsborough,(813) 632-1270,LICENSED,"MEMORY LANE COTTAGE AT TAMPA PALMS, LLC",KELLY JEAN IRISH O'KEEFE,20,For-Profit,www.memorylanecottage.com
11966457,10722,1/6/2022,1/5/2024,Assisted Living Facility,MERCY HOME ASSISTED LIVING FACILITY,6428 EDEN LN,TAMPA,FL,33634-4710,Hillsborough,(813) 249-9944,LICENSED,"MERCY OF TAMPA, INC.",OLAYEMI FUNMILOLA FADIORA,6,For-Profit,
11969956,13695,3/7/2022,3/6/2024,Assisted Living Facility,MERIDIAN AT BRANDON THE,9215 CAUSEWAY BLVD,TAMPA,FL,33619,Hillsborough,(813) 513-0165,LICENSED,BRANDON OPCO LLC,STACY DEANN MCCANLESS,156,For-Profit,www.themeridianatbrandon.com
11968118,12080,5/7/2021,5/6/2023,Assisted Living Facility,MI BELLO HOGAR LIVING FACILITY,3406 W CARACAS ST,TAMPA,FL,33614,Hillsborough,(813) 455-6536,LICENSED,"MI BELLO HOGAR, LLC",MAYOL DORINDA,6,For-Profit,
11965547,9914,12/28/2022,12/27/2024,Assisted Living Facility,MICHT CORP,2907 NORTH BOULEVARD,TAMPA,FL,33602-1207,Hillsborough,(813) 221-5114,LICENSED,MICHT CORP,MICHELINE LYNCEE,8,For-Profit,
11969494,13284,6/18/2021,6/17/2023,Assisted Living Facility,MILY'S SWEET HOME ALF INC,8723 N HYALEAH RD,TAMPA,FL,33617,Hillsborough,(813) 850-5408,LICENSED,MILY'S SWEET HOME ALF INC,MILEIDY SANCHEZ,5,For-Profit,
11967691,11704,3/6/2022,3/5/2024,Assisted Living Facility,MIRACLE ALF,8716 FOUNTAIN AVE,TAMPA,FL,33615-2802,Hillsborough,(813) 267-8873,LICENSED,MIRACLE ALF INC.,SERGIO SANCHEZ,6,For-Profit,
11967692,11693,2/14/2022,2/13/2024,Assisted Living Facility,"MIRELLA'S ASSISTED LIVING, LLC",3003 W BEACH ST,TAMPA,FL,33607-2928,Hillsborough,(813) 500-3508,LICENSED,MIRELLA'S ASSISTED LIVING LLC,MIRELLA RUBIO,8,For-Profit,
11967382,11421,12/7/2022,12/6/2024,Assisted Living Facility,MIS ABUELOS HOME CARE CORP,8422 WOODLAKE DR,TAMPA,FL,33615-1717,Hillsborough,(813) 784-0328,LICENSED,MIS ABUELOS HOME CARE CORP,DAGOBERTO MEDINA,6,For-Profit,
11968789,12640,6/30/2022,6/29/2024,Assisted Living Facility,MY MOM'S HOME ALF LLC,9003 W CLUSTER AVE,TAMPA,FL,33615,Hillsborough,(813) 398-4428,LICENSED,MY MOM'S HOME ALF LLC,KIRENIA RODRIGUEZ,6,For-Profit,
11967152,11290,9/29/2021,9/28/2023,Assisted Living Facility,MY MOM'S HOME ALF WEST TAMPA LLC,3204 WEST LEROY STREET,TAMPA,FL,33607,Hillsborough,(813) 872-6806,LICENSED,MY MOM'S HOME ALF WEST TAMPA LLC,KIRENIA RODRIGUEZ,6,For-Profit,
11964499,9058,12/30/2021,12/29/2023,Assisted Living Facility,NEW HORIZONS GROUP HOMES INC,109 E CLAY AVE,BRANDON,FL,33510-3732,Hillsborough,(813) 571-2690,LICENSED,NEW HORIZONS GROUP HOMES INC,TIFFANY HOFEDITZ,20,Not-For-Profit,www.newhorizonshomes.org
11969833,13580,3/26/2021,3/25/2023,Assisted Living Facility,NINA'S HOUSE ALF,2312 W POWHATAN AVE,TAMPA,FL,33603,Hillsborough,(813) 810-4210,LICENSED,NINA'S HOUSE ALF INC,DAIMA CANCIO,6,For-Profit,
11967668,11676,1/24/2022,1/23/2024,Assisted Living Facility,NINI'S TLC CORP,5118 EL DORADO DR,TAMPA,FL,33615-4712,Hillsborough,(813) 885-2170,LICENSED,NINI'S TLC CORP,LURIAN OSORIO,6,For-Profit,
11968793,12634,6/4/2021,6/3/2023,Assisted Living Facility,NORTHDALE ALF INC,4815 CENTERBROOK CT,TAMPA,FL,33624-1046,Hillsborough,(813) 961-5425,LICENSED,NORTHDALE ALF INC,RONNIEL ESPIGUL-GARCIA,6,For-Profit,www.northdalealf.com
11967819,11800,5/10/2022,5/9/2024,Assisted Living Facility,NUEVA VIDA ALF INC,1901 W OKALOOSA AVE,TAMPA,FL,33604-1025,Hillsborough,(813) 935-5097,LICENSED,"NUEVA VIDA ALF, INC.",IDALMIS MONTANO,6,For-Profit,
11969098,13034,10/26/2021,10/25/2023,Assisted Living Facility,NUEVO AMANECER TAMPA LLC,7405 ARIPEKA DR,TAMPA,FL,33619,Hillsborough,(813) 785-1732,LICENSED,NUEVO AMANECER TAMPA LLC,AILEEN PEREZ CAMACHO,6,For-Profit,
11968702,12620,9/15/2021,9/14/2023,Assisted Living Facility,OAK ROSE ASSISTED LIVING FACILITY,616 VALLE VISTA DR,BRANDON,FL,33511,Hillsborough,(813) 300-6177,LICENSED,SEGGYYEN VENTURES LLC,MS PRETTY OLUFUNKE AYENI,6,For-Profit,
11910071,4992,7/15/2022,7/14/2024,Assisted Living Facility,OAKLAND MANOR,2812 N NEBRASKA AVE,TAMPA,FL,33602-1728,Hillsborough,(813) 225-1347,LICENSED,LIFECARE HOME INC,WYNDEE TANTOCO,32,For-Profit,
11969768,13513,9/18/2022,9/17/2024,Assisted Living Facility,"OCEAN BREEZE ALF, LLC",4713 KELLY RD,TAMPA,FL,33615,Hillsborough,(813) 417-8203,LICENSED,OCEAN BREEZE ALF LLC,MAVIE BENITEZ,6,For-Profit,http://www.Oceanbreezealf.com
11969353,13213,11/26/2022,11/25/2024,Assisted Living Facility,ODENIA'S ANGELS ALF CORP,8204 SUNNYSLOPE DR,TAMPA,FL,33615,Hillsborough,(813) 965-7107,LICENSED,ODENIA'S ANGELS ALF CORP,JOSE RAFAEL CASALLAS,6,For-Profit,
11964871,9398,5/27/2022,5/26/2024,Assisted Living Facility,OHANA ASSISTED LIVING,8602 N 22ND STREET,TAMPA,FL,33604,Hillsborough,(813) 930-8370,LICENSED,OHANA ASSISTED LIVING LLC,JAKAYLA MCKENZIE,8,For-Profit,
11968659,12530,11/1/2021,10/31/2023,Assisted Living Facility,OUR LADY OF CHARITY ALF,7603 WINGING WAY DR,TAMPA,FL,33615,Hillsborough,(813) 664-5238,LICENSED,OUR LADY OF CHARITY ALF LLC,GUILLERMO TOLEDO-PASSEIRO,5,For-Profit,
11966585,10783,2/6/2022,2/5/2024,Assisted Living Facility,PALM AVENUE BAPTIST TOWER ALF,215 EAST PALM AVENUE,TAMPA,FL,33602-2200,Hillsborough,(813) 223-2686,LICENSED,PALM AVENUE BAPTIST TOWER,LINA ZULUAGA OROZCO,60,Not-For-Profit,
11965945,10256,4/27/2021,4/26/2023,Assisted Living Facility,PALM TERRACE ASSISTED LIVING FACILITY & ADULT DAYCARE CENTER,5121 EAST SERENA DRIVE,TAMPA,FL,33617,Hillsborough,(813) 988-0033,LICENSED,TAMPA HOUSING AUTHORITY,MELISSA ANN REIMERT,79,Not-For-Profit,www.palmterracealf.com
11969662,13514,9/18/2022,9/17/2024,Assisted Living Facility,PARADISE OF ADORATION,5110 PEACHGREEN CT,TAMPA,FL,33624,Hillsborough,(813) 504-6072,LICENSED,REACTION RESOURCES INC,PHYLLIS SKANNAL,5,Not-For-Profit,www.paradiseofadoration.com
11969339,13158,4/1/2022,3/31/2024,Assisted Living Facility,PARK VIEW ESTATE OF BRANDON,1502 BRYAN RD,BRANDON,FL,33511,Hillsborough,(813) 502-6308,LICENSED,"HOLISTIC AID ALF, LLC",DR JAYOM UPADHYAYA,6,For-Profit,parkviewofbrandon.com
11965967,10248,4/2/2021,4/1/2023,Assisted Living Facility,PATRICK MANOR INC,896 73RD AVE N,SAINT PETERSBURG,FL,33702-5220,Pinellas,(727) 521-1843,LICENSED,"PATRICK MANOR, INC.",THERESA L. PUTNAM,55,For-Profit,www.patrickmanor.com
11968932,12770,11/23/2021,11/22/2023,Assisted Living Facility,"PERSON TO PERSON CARE CENTER, LLC",6309 E FLORIDA CIR,APOLLO BEACH,FL,33572,Hillsborough,(813) 928-8538,LICENSED,"PERSON TO PERSON CARE CENTER, LLC",ORIANT PERSON,6,For-Profit,www.persontopersoncarecenter.com
11969350,13142,6/27/2022,6/26/2024,Assisted Living Facility,PROMISE POINTE AT TAMPA OAKS,12110 MORRIS BRIDGE RD,TEMPLE TERRACE,FL,33637,Hillsborough,(813) 694-2153,LICENSED,"TAMPA OAKS SENIOR LIVING, LLC",LAURA K. HOLLIDAY,130,For-Profit,promisepointeseniorliving.com
11968670,12550,11/12/2022,11/11/2024,Assisted Living Facility,"QUALITY HOME CARE SERVICES, INCORPORATED",11104 N 28TH ST,TAMPA,FL,33612,Hillsborough,(813) 977-0159,LICENSED,QUALITY HOME CARE SERVICES INC,FRANKLIN HILLS JR,5,For-Profit,QualityHomeCareServicesalf.com
11969876,13639,8/24/2021,8/23/2023,Assisted Living Facility,REBECCA ASSISTED LIVING FACILITY LLC,2015 DERBYWOOD DR,BRANDON,FL,33510,Hillsborough,(813) 629-3428,LICENSED,REBECCA ASSISTED LIVING FACILITY LLC,MACAULAY O IGBINOSUN,6,For-Profit,
11969877,13614,6/22/2021,6/21/2023,Assisted Living Facility,REFUGE AT NEW LIFE HOUSE,202 BEVERLY BLVD,BRANDON,FL,33511,Hillsborough,(813) 565-3853,LICENSED,202 BEVERLY LLC,DENNIS VERNON HOOVER,22,For-Profit,
11910038,7531,5/28/2021,5/27/2023,Assisted Living Facility,RENAISSANCE,16001 LAKESHORE VILLA DRIVE,TAMPA,FL,33613,Hillsborough,(813) 386-1145,LICENSED,"CRP LAKESHORE VILLAS, L.L.C.",PAUL ROSEN,135,For-Profit,www.RENAISSANCENORTHTAMP.com
11968640,12506,5/19/2022,5/18/2024,Assisted Living Facility,RIVERWOOD ALF,7211 RIVERWOOD BLVD,TAMPA,FL,33615-2001,Hillsborough,(813) 407-6888,LICENSED,RIVERWOOD ASSISTED LIVING FACILITY INC,RENE LOPEZ-MARTINEZ,6,For-Profit,
11969301,13116,1/10/2022,1/9/2024,Assisted Living Facility,RONNY'S ASSISTED LIVING LLC,8016 DELL DR,TAMPA,FL,33615,Hillsborough,(813) 449-3877,LICENSED,RONNY'S ASSISTED LIVING LLC,YAILYN RODRIGUEZ,6,For-Profit,www.ronnyassistedliving.com
11968903,12745,1/20/2022,1/19/2024,Assisted Living Facility,ROSE AND MARY ALF LLC,7430 OAKVISTA CIR,TAMPA,FL,33634,Hillsborough,(813) 667-7506,LICENSED,ROSE & MARY ALF LLC,DAILY PENA PORRAS,6,For-Profit,
11965158,9582,4/1/2022,3/31/2024,Assisted Living Facility,ROSECASTLE AT DELANEY CREEK,320 S LAKEWOOD DRIVE,BRANDON,FL,33511,Hillsborough,(813) 655-8858,LICENSED,ROSECASTLE OF BRANDON LLC,CHRISTOPHER KMET,86,For-Profit,brandonseniors.com
11910074,7616,5/13/2022,5/12/2024,Assisted Living Facility,RUBY'S RESIDENTIAL CARE INC,5906 NORTH 32ND STREET,TAMPA,FL,33610,Hillsborough,(813) 237-1330,LICENSED,RUBY'S RESIDENTIAL CARE INC.,ANITA PIERCE,10,For-Profit,
11969415,13236,2/14/2021,2/13/2023,Assisted Living Facility,S & R ASSISTED LIVING FACILITY LLC,907 WOODLAND TERRACE,BRANDON,FL,33511,Hillsborough,(813) 548-7289,LICENSED,S & R ASSISTED LIVING FACILITY LLC,MAJ ROBINSON,6,For-Profit,www.sandrassistedliving.com
11968203,12112,12/22/2021,12/21/2023,Assisted Living Facility,"SAINT JOSEPH ASSISTED LIVING FACILITY, INC",7615 BARRY RD,TAMPA,FL,33615-2406,Hillsborough,(813) 374-5307,LICENSED,"SAINT JOSEPH ASSISTED LIVING FACILITY, INC.",SWAMY BRITO-FERNANDEZ,6,For-Profit,
11967642,11688,2/1/2022,1/31/2024,Assisted Living Facility,SAINT LAZARUS ASSISTED LIVING INC,5209 LANDSMAN AVE,TAMPA,FL,33625-3344,Hillsborough,(813) 963-0142,LICENSED,SAINT LAZARUS ASSISTED LIVING INC,DAINERYS GIL,6,For-Profit,
11969038,12874,11/9/2021,11/8/2023,Assisted Living Facility,SAN JOSE ALF INC,8111 N OLA AVE,TAMPA,FL,33604,Hillsborough,(813) 850-7122,LICENSED,SAN JOSE ALF INC,DAILY PENA PORRAS,6,For-Profit,
11967783,11764,10/25/2022,10/24/2024,Assisted Living Facility,SANCTUARY OF PEACE ALF LLC,7611 NORTH BOULEVARD STREET,TAMPA,FL,33604,Hillsborough,(813) 399-2199,LICENSED,SANCTUARY OF PEACE LLC,GUILLERMO TOLEDO-PASSEIRO,6,For-Profit,
11968398,12334,6/5/2021,6/4/2023,Assisted Living Facility,SANTA LUCIA ALF INC,2706 WESTHIGH AVE,TAMPA,FL,33614,Hillsborough,(813) 335-7609,LICENSED,"SANTA LUCIA ALF, INC",MARLENES ROSA FONSECA,6,For-Profit,
11968705,12568,12/29/2022,12/28/2024,Assisted Living Facility,SANTA SUSANA ASSISTED LIVING FACILITY INC,11407 LARKWOOD WAY,TAMPA,FL,33625,Hillsborough,(813) 304-2896,LICENSED,SANTA SUSANA ASSISTED LIVING FACILITY INC,DEIBY JACINTO,6,For-Profit,
11964958,9353,4/1/2022,3/31/2024,Assisted Living Facility,SAVANNAH COURT OF BRANDON,824 N PARSONS AVE,BRANDON,FL,33510-3435,Hillsborough,(813) 413-6924,LICENSED,"SENIOR LIVING PROPERTIES IV, LLC",RAQUEL GONZALEZ,46,For-Profit,www.savannahcourtbrandon.com
11969717,13463,5/13/2022,5/12/2024,Assisted Living Facility,SEACOAST AT UPTOWN OAKS,12250 N 22ND STREET,TAMPA,FL,33612,Hillsborough,(813) 972-8001,LICENSED,SCTT ALF LLC,STEPHEN NADEAU,130,For-Profit,WWW.Seacoasthealthsystems.com
11969453,13237,2/14/2021,2/13/2023,Assisted Living Facility,SENIOR POINT ASSISTED LIVING FACILITY LLC,2940 W HILLSBOROUGH AVE,TAMPA,FL,33614,Hillsborough,(813) 221-2273,LICENSED,SENIOR POINT ASSISTED LIVING FACILITY LLC,,92,For-Profit,www.seniorpointalf
11968270,12218,10/11/2022,10/10/2024,Assisted Living Facility,SERENITY HOME OF TAMPA ALF LLC,6013 CRESTHILL DR,TAMPA,FL,33615,Hillsborough,(813) 302-9984,LICENSED,"SERENITY HOME OF TAMPA ALF, LLC",GUILLERMO TOLEDO-PASSEIRO,6,For-Profit,
11953196,8450,7/31/2021,7/30/2023,Assisted Living Facility,"SHADY OAKS LIVING CENTER, INC",2208 E 138TH AVE,TAMPA,FL,33613-4435,Hillsborough,(813) 978-0819,LICENSED,"SHADY OAKS LIVING CENTER, INC.",GEETHA JOSEPH,48,For-Profit,www.shadyoakslivingcenter.com
11967473,11512,12/24/2022,12/23/2024,Assisted Living Facility,SILVER LAKE ALF INC,3211 W SITKA STREET,TAMPA,FL,33614,Hillsborough,(813) 999-4035,LICENSED,SILVER LAKE ALF INC,MABEL HERRERA-GARCIA,6,For-Profit,
11965634,9981,5/31/2022,5/30/2024,Assisted Living Facility,SODALIS TAMPA,2626 WEST BEARSS AVENUE,TAMPA,FL,36618,Hillsborough,(813) 960-5346,LICENSED,EC OPCO CARROLLWOOD LLC,MICHELLE ABRAHANTE,133,For-Profit,www.sodalissenior.com/tampa
11965499,9890,11/14/2022,11/13/2024,Assisted Living Facility,SOUTHERN LIVE-IN,619 PRINCETON STREET,BRANDON,FL,33511,Hillsborough,(813) 655-0822,LICENSED,"SOUTHERN LIVE-IN, INC.",MELONIE BESSETTE,10,For-Profit,southernlive-inofbrandon.com
11970005,13707,7/14/2022,4/20/2024,Assisted Living Facility,SPECIALLY FIT FOUNDATION CORPORATION,1504 MAYDELL DR,TAMPA,FL,33619,Hillsborough,(727) 831-2829,LICENSED,SPECIALLY FIT FOUNDATION CORPORATION,MARK OLIVER,6,For-Profit,
11970076,13737,8/29/2022,8/21/2024,Assisted Living Facility,SPECIALLY FIT FOUNDATION CORPORATION,11118 LAKESIDE VISTA DR,RIVERVIEW,FL,33569,Hillsborough,(727) 831-2829,LICENSED,SPECIALLY FIT FOUNDATION CORPORATION,MARK OLIVER,6,For-Profit,www.speciallyfitfoundation.com
11968421,12310,6/1/2021,5/31/2023,Assisted Living Facility,ST CLOUD HAVEN ALF,907 N TAYLOR RD,BRANDON,FL,33510,Hillsborough,(904) 800-8699,LICENSED,UNBIZ LLC,PUNEET GOYAL,6,For-Profit,
11968917,12754,11/15/2022,5/15/2023,Assisted Living Facility,STILLWATER ASSISTED LIVING II,504 APACHE TRL,BRANDON,FL,33511,Hillsborough,(865) 816-7433,PROVISIONAL,STILLWATER ASSISTED LIVING LLC,COURTNEY SHARPE,6,For-Profit,www.angelstch.com
11968787,12625,5/17/2021,5/16/2023,Assisted Living Facility,STILLWATER ASSISTED LIVING LLC,12413 RIVERGLEN DR,RIVERVIEW,FL,33569,Hillsborough,(813) 412-6560,LICENSED,STILLWATER ASSISTED LIVING LLC,COURTNEY SHARPE,6,For-Profit,www.angelstch.com
11966804,11289,12/16/2021,12/15/2023,Assisted Living Facility,STONE LEDGE MANOR,12006 MCINTOSH ROAD,THONOTOSASSA,FL,33592,Hillsborough,(813) 986-7900,LICENSED,VENICE GARDENS LLC,SHERI B KIO,101,For-Profit,www.stoneledgemanor.com
11969825,13565,2/26/2021,2/25/2023,Assisted Living Facility,SUNFLOWER HAVEN ALF LLC,10905 N LANTANA AVE,TAMPA,FL,33612,Hillsborough,(813) 374-5200,LICENSED,SUNFLOWER HAVEN ALF LLC,ROSA M GARRIGA,5,For-Profit,
11969993,13709,4/27/2022,4/26/2024,Assisted Living Facility,SUNNY VISTA ASSISTED LIVING FACILITY LLC,8112 N 9TH ST,TAMPA,FL,33604,Hillsborough,(813) 613-0869,LICENSED,SUNNY VISTA ASSISTED LIVING FACILITY LLC,ALBERTO CASTRO-GALVAN,26,For-Profit,
11965363,9739,9/26/2022,9/25/2024,Assisted Living Facility,SUPERIOR RESIDENCES OF BRANDON MEMORY CARE,1819 PROVIDENCE RIDGE BLVD,BRANDON,FL,33511-1899,Hillsborough,(813) 657-8587,LICENSED,H-BAY MINISTRIES INC,MARK A. DAVIS,70,Not-For-Profit,www.superioralf.com
11969684,13447,4/7/2022,4/6/2024,Assisted Living Facility,SWEET HOME OF TAMPA ALF,12209 N OLA AVE,TAMPA,FL,33613,Hillsborough,(813) 357-4456,LICENSED,SWEET HOME OF TAMPA ALF INC,DAVID REMEDIOS AGUADO,6,For-Profit,
11965107,9610,6/1/2021,5/31/2023,Assisted Living Facility,TAMPA GARDENS SENIOR LIVING,16702 N DALE MABRY HWY,TAMPA,FL,33618-1055,Hillsborough,(813) 908-2333,LICENSED,PACIFICA BG MABRY LLC,SUSAN AYALA,125,For-Profit,www.standrewhcp.com
11964567,9134,1/30/2022,1/29/2024,Assisted Living Facility,THE COLONNADE AT CARROLLWOOD,13550 S VILLAGE DR,TAMPA,FL,33618-8420,Hillsborough,(813) 908-5300,LICENSED,"SH CARROLLWOOD, LLC",MARIBEL VAZQUEZ,120,For-Profit,www.colonnadecarrollwood.com
11965054,9500,11/1/2021,10/31/2023,Assisted Living Facility,THE COLONNADE AT NORTHDALE,3401 W BEARSS AVE,TAMPA,FL,33618-2143,Hillsborough,(813) 961-1044,LICENSED,"SH NORTHDALE, LLC",LISA MARIE GONZALEZ,125,For-Profit,www.colonnadenorthdale.com
11910043,61,2/7/2021,2/6/2023,Assisted Living Facility,THE PAVILION OF EAST TAMPA,2425 E HANNA AVENUE,TAMPA,FL,33610,Hillsborough,(813) 238-3053,IN REVIEW,"HANNA OAKS OPERATING, LLC",FARNECE ROBERTS,135,For-Profit,https://pavilionsl.com/easttampa
11967351,11393,12/15/2022,11/12/2022,Assisted Living Facility,TORIA'S ASSISTED LIVING FACILITY I,2073 BALFOUR CIR,TAMPA,FL,33619-5900,Hillsborough,(813) 361-9328,IN REVIEW,TORIA'S SUPPORT CARE SERVICES INC,,7,For-Profit,www.toriasupportcare.com
11967240,11326,5/20/2020,5/19/2022,Assisted Living Facility,TORIA'S ASSISTED LIVING FACILITY II,613 FOREST HILLS DR,BRANDON,FL,33510-3825,Hillsborough,(813) 361-9328,LICENSED,TORIA'S SUPPORT CARE SERVICES INC,VICTORIA ROWE,7,For-Profit,www.toriasupportcar.com
11968428,12342,9/15/2021,9/14/2023,Assisted Living Facility,TRANQUIL RESIDENCE CARE CTR,3115 S MILLER RD,VALRICO,FL,33596,Hillsborough,(813) 412-6560,LICENSED,"TRANQUIL RESIDENCE & CARE CENTER, LLC",CLAUDETTE WILLIAMS,10,For-Profit,
11969313,13122,4/6/2022,4/5/2024,Assisted Living Facility,TWIN CREEKS ASSISTED LIVING AND MEMORY CARE,13470 BOYETTE RD,RIVERVIEW,FL,33569,Hillsborough,(813) 278-5806,LICENSED,"LITHIA ASSISTED LIVING, LLC",NICHOLAS SEIDL,96,For-Profit,https://222.twincreeksretire.com/
11968188,12114,2/12/2022,2/11/2024,Assisted Living Facility,VILLA LA ESPERANZA III LLC,8814 SLEEPY CREEK CT,TAMPA,FL,33634-1128,Hillsborough,(813) 679-5894,LICENSED,"VILLA LA ESPERANZA III, LLC",JORGE RODRIGUEZ,6,For-Profit,
11967927,11889,9/29/2022,9/28/2024,Assisted Living Facility,VILLA'S ALF INC,4534 HAMPSHIRE RD,TAMPA,FL,33634,Hillsborough,(813) 770-6628,LICENSED,"VILLA'S ALF, INC.",NELKYS MARTINEZ GARCIA,6,For-Profit,
11967533,11572,7/28/2021,7/27/2023,Assisted Living Facility,VINTAGE VILLAGE INC,701 E VIRGINIA AVE,TAMPA,FL,33603-5028,Hillsborough,(813) 610-4200,LICENSED,VINTAGE VILLAGE INC,DANAY LEON,6,For-Profit,
11963791,8679,7/24/2021,7/23/2023,Assisted Living Facility,WEINBERG VILLAGE,13005 COMMUNITY CAMPUS DRIVE,TAMPA,FL,33625,Hillsborough,(813) 969-1818,LICENSED,WEINBERG VILLAGE LLC,MELISSA BIRMINGHAM,90,Not-For-Profit,weinbergvillage.org
11967584,11614,9/28/2021,9/27/2023,Assisted Living Facility,YOUR HOUSE ALF,4008 W BROAD ST,TAMPA,FL,33614-3164,Hillsborough,(813) 374-5033,LICENSED,YOUR HOUSE ALF CORP,NIURKA ALEJO,6,For-Profit,
11968177,12104,7/21/2021,7/20/2023,Assisted Living Facility,YOUR HOUSE ALF 2,5816 N GRADY AVE,TAMPA,FL,33614,Hillsborough,(813) 374-5596,LICENSED,YOUR HOUSE ALF CORP,SAYLI CASTRO,6,For-Profit,
11964949,9484,6/28/2021,6/27/2023,Assisted Living Facility,YUDITH'S ALF,4542 W HIAWATHA ST,TAMPA,FL,33614-3532,Hillsborough,(813) 453-2480,LICENSED,"JUDITH'S ASSISTED LIVING FACILITY, INC",RUBEN DOMINGUEZ,6,For-Profit,www.yudithalf.com
11966806,10958,4/29/2021,4/28/2023,Assisted Living Facility,YUDITH'S ASSISTED LIVING FACILITY II,4415 WEST JEAN ST,TAMPA,FL,33614,Hillsborough,(813) 453-2480,LICENSED,"JUDITH'S ASSISTED LIVING FACILITY, INC",RUBEN DOMINGUEZ,6,For-Profit,www.yudithalf.com
